code,image_url
90915-YZZD3,https://m.media-amazon.com/images/I/61NM-3vJSpL.jpg
90915-YZZD3,https://m.media-amazon.com/images/I/81SnPuGDsHL.jpg
90915-YZZD3,https://i.ebayimg.com/images/g/EuUAAOSwY3Bi48hH/s-l1200.jpg
90915-YZZD3,https://i.ebayimg.com/images/g/MLkAAOSwHUJjpdiC/s-l1200.jpg
90915-YZZD3,https://i5.walmartimages.com/seo/Toyota-Original-Equipment-90915-YZZD3-Genuine-Oil-Filter-4-Height-3-Width-3-Length_27d0738a-2625-422c-b659-a9699e15fa49.1b750dc06ea10d12be18f76759784916.jpeg
90915-YZZD3,https://encrypted-tbn0.gstatic.com/images?q=tbn:ANd9GcTMgV3xl-5b_V-m9OEB4E88kypguhhiFU-0Og&s
90915-YZZD3,https://encrypted-tbn0.gstatic.com/images?q=tbn:ANd9GcSg4b5JCUMAeVoeBoonyTDQRlr7Y8IwbI2kwQ&s
90915-YZZD3,https://overlandgarage.ca/cdn/shop/products/Photo2021-05-21_40137PM.jpg?v=1622836288
90915-YZZD3,https://s3.amazonaws.com/rparts-sites/3c6bf818a2c9a12c8c6d6483752dc1f9/images/custom/2013/10/pic.jpg
90915-YZZD3,https://encrypted-tbn0.gstatic.com/images?q=tbn:ANd9GcQCJxan0KDjNw-ZvX5Pg42Dx3tk_-B3KCsoDg&s
90915-YZZD3,https://s3.amazonaws.com/rparts-sites/images/cbb6a3b884f4f88b3a8e3d44c636cbd8/d978a24d8300f54bb475c41ede23567f.jpg
90915-YZZD3,https://m.media-amazon.com/images/I/81mujfnePaL.jpg
90915-YZZD3,https://i.ebayimg.com/images/g/ihoAAOSwcwhVJSRa/s-l1600.jpg
90915-YZZD3,https://i.ebayimg.com/00/s/MTIyNFgxNjAw/z/S0YAAOSwrxRfKNGx/$_57.JPG?set_id=8800005007
90915-YZZD3,https://www.cruiserpatch.com/cdn/shop/files/NOVA7305-EOC-100Kv2.png?v=1700231119&width=1445
04465-0E040,https://i.ebayimg.com/images/g/TFkAAOSwehZZ~NUU/s-l1200.jpg
04465-0E040,https://i.ebayimg.com/images/g/Dc4AAOSw78xbYxLP/s-l400.jpg
04465-0E040,https://i.ebayimg.com/00/s/MTM1OVgxMzI5/z/exgAAOSwTelbm9Ji/$_57.JPG?set_id=8800005007
04465-0E040,https://www.lexuspartsnow.com/resources/encry/actual-picture/lpn/large/1f3429b53a4f6966fea844556d076295/708b3b5cad667c0804bd5da3b918c929.jpg
04465-0E040,https://i.ebayimg.com/images/g/MWMAAOSwci9jZT5o/s-l400.png
04465-0E040,https://s3.amazonaws.com/rparts-sites/images/8d420fa35754d1f1c19969c88780314d/1c409fc717cb20a28a4bd8e6108e71a0.jpg
04465-0E040,https://m.media-amazon.com/images/I/61NiTT5aOWL.jpg
04465-0E040,https://www.tirshop.ro/userfiles/productimages/product_151915.jpg
04465-0E040,https://dz310nzuyimx0.cloudfront.net/strapr1/4baba3550beb476a331d10edf45367ad/8873235faa1f95be6e28861ada61b5ec.png
04465-0E040,"https://images-na.ssl-images-amazon.com/images/I/61NiTT5aOWL._AC_UL210_SR210,210_.jpg"
04465-0E040,https://www.yaolunautoparts.com/data/watermark/20211023/617380088251f_.webp
04465-0E040,https://cdn.autodoc.de/thumb?id=8216251&m=0&n=0&lng=en&rev=94077835
04465-0E040,https://i.ebayimg.com/images/g/pokAAOSwfJxgyQME/s-l400.png
04465-0E040,https://www.lexuspartsnow.com/resources/encry/actual-picture/lpn/large/1f3429b53a4f6966fea844556d076295/7af940546680d4746eccec5ce4421e35.jpg
04465-0E040,https://www.fitinpart.jp/image/data/ts_images/549024_0_74a4e421eb23f6275e88ece8309efa68.png
17801-0T020,https://ajyadauto.com/assets/img/product/1335v1687461710.jpg
17801-0T020,https://niront.com/cdn/shop/products/rv7BNylpnf-818101.jpg?v=1672746487
17801-0T020,https://m.carenginefilter.com/photo/pc15338886-air_filte_for_toyota_yaris_rav4_17801_0t020_17801_0m020_17801_21050_17801_0d060.jpg
17801-0T020,https://down-my.img.susercontent.com/file/95bd04899c98177cf541a6a9518d645b
17801-0T020,"https://m.media-amazon.com/images/I/41lwslbIT7L._AC_UF894,1000_QL80_.jpg"
17801-0T020,https://mikeanthonio.com/wp-content/uploads/FILTRE-A-AIR-TOYOTA-17801-0T020.jpg
17801-0T020,https://jbhauto.co.nz/cdn/shop/products/17801-22020_grande.jpg?v=1556018225
17801-0T020,https://i.ebayimg.com/images/g/joIAAOSwNp1e4dxi/s-l1200.jpg
17801-0T020,https://www.rainbowautofilter.com/Uploads/pro/5da5877d02e2e.jpg
17801-0T020,https://m.media-amazon.com/images/I/51K3uVHW3TL.jpg
17801-0T020,https://encrypted-tbn0.gstatic.com/images?q=tbn:ANd9GcRV8c9VuGhIzpNpxxZWlEhvoF4cH6eSG72Q2g&s
17801-0T020,https://ae01.alicdn.com/kf/HTB1BNQwX8Gw3KVjSZFDq6xWEpXaH/3pcs-17801-YZZ05-17801-0T020-Car-Engine-Air-Filter-For-Toyota-Auris-E150-E180-Avensis-T270.jpg
17801-0T020,https://img.ws.mms.shopee.sg/vn-11134211-7qukw-lfb19n47d4sk76
17801-0T020,https://encrypted-tbn0.gstatic.com/images?q=tbn:ANd9GcQ7CbBmP_y4tShF88sE7mvn4HzPzuwflqo5GA&s
17801-0T020,https://image.made-in-china.com/202f0j00ealkOUmchHrY/Non-Woven-Paper-Auto-Spare-Part-Engine-Accessories-Air-Filter-17801-0t020-OEM-for-Toyota-17801-26010-17801-0r010.jpg
